Id,Time,Tweets
101619625,Thu Aug 06 20:54:57 +0000 2020,
1287731622352125953,Thu Aug 06 15:30:03 +0000 2020,August th is and we have a special sale to help you reap all the benefits of . From
2182048904,Sat Aug 08 01:31:57 +0000 2020,
1291892079086501888,Sat Aug 08 01:56:19 +0000 2020,: That time youre driving in Virginia and the Attorney General spots a group of people in front of a police precinct show
1289256723107196929,Mon Aug 03 13:50:24 +0000 2020,": As a nephrologist, I prescribed HCQ (plaquenil) to thousands of patients with severe Lupus. I was always told it was one of"
22485157,Fri Aug 07 21:51:06 +0000 2020,It's degrees in Baghdad. Count our blessings
791926652640952320,Fri Apr 17 16:01:46 +0000 2020,
1164937050853953536,Fri Aug 07 18:14:59 +0000 2020,"Honoured to be a business friend, and have featured in section:"
1288914194922762241,Fri Aug 07 18:05:01 +0000 2020,": Tonight a patient called therapy appointments ""lessons"" and said ""I am in therapy to remember who I really am under al"
1271913977308680192,Fri Aug 07 13:58:27 +0000 2020,: [] Se acerca la y Oblak lo sabe
1288941248795963392,Thu Aug 06 18:53:54 +0000 2020,": ""Nothing ever goes away until it has taught us what we need to know."" Pema Chdron"
1291379548773392384,Fri Aug 07 14:48:32 +0000 2020,Hey Angelica! Emailed you but not sure if you got it? x
1291729199674187777,Fri Aug 07 14:06:04 +0000 2020,Glutamate follows the Goldilocks Principle; we need some but not too much
1281194584375083014,Thu Aug 06 07:24:26 +0000 2020,INCREDIBLE Things can be done simply if we are COMMITTED to MAKING them HAPPEN...
370258704,Fri Aug 07 13:13:37 +0000 2020,Learn more by talking to your provider during :
1248289563971391490,Thu Aug 06 19:04:37 +0000 2020,"D: ego, fear, exclusive, close minded, separate.4D: the astral plane, bridging love &amp; fear, beginning to see that"
1066782057412612097,Sat Jun 20 13:08:54 +0000 2020,Nigeria
339452367,Fri Aug 07 06:07:30 +0000 2020,We have a divine right to draw a sacred circle around ourselves
787059632,Thu Aug 06 03:11:38 +0000 2020,"I just took an Emotional Agility quiz! Assess your Emotional Agility and get a free, personalized -page report."
3847086268,Sat Aug 08 03:00:55 +0000 2020,How to Man Up For a
808809068634587136,Sat Aug 08 01:58:08 +0000 2020,Your joking right - anyone who loves this cruel dictator is just
1249793750433497090,Fri Aug 07 02:03:27 +0000 2020,: Curating this Yoga / Meditation / Relax playlist on Spotify
979978508,Thu Nov 02 02:03:03 +0000 2017,TVer
1241754631346110471,Sat Aug 08 02:36:51 +0000 2020,Congratulations!!
331041624,Wed Aug 05 20:40:26 +0000 2020,"oh...my..god what a disaster, right girl"
1289989581258002433,Thu Aug 06 17:02:08 +0000 2020,This is ridiculous. Half the schools meaning half the students and staff will automatically be at h
1086745198137360385,Mon Mar 02 15:30:45 +0000 2020,Sent. Thank you
1286437728914202624,Fri Aug 07 19:36:29 +0000 2020,: RT if you'd rather try hydroxychloroquine than Bill Gates' vaccine...
28500698,Tue Jul 28 17:46:17 +0000 2020,: ...House of Commons finance committee starts NoonEDT. Kielburgers testimony begins pmEDT. Watch live here:
890180973895307264,Tue Aug 04 14:20:09 +0000 2020,"Greenwich Pure Medical, LLC"
1257078750577152002,Thu Aug 06 19:06:33 +0000 2020,": ""A woman in harmony with her spirit is like a river flowing."" Maya Angelou"
3197359456,Thu Aug 06 19:17:32 +0000 2020,"Exciting, Saw my book in a bookshop for the first time did a book signing so you can enjoy a signe"
27066937,Wed Aug 05 19:04:57 +0000 2020,"If loving both is wrong, we dont want to be right!"
344148708,Fri Aug 07 08:43:13 +0000 2020,": Sending love and warmth to all the healers, therapists, facilitators and wellness folks who hold space and carry so much emo"
1272162191182041088,Fri Aug 07 17:25:54 +0000 2020,"A boss in essence is every woman willing to try, push, succeed, fail but ultimately do the work in her lifescape t"
1261460319181946881,Fri Aug 07 03:03:24 +0000 2020,: Here are of the healthiest types of pasta.
2871013483,Thu Aug 06 23:12:21 +0000 2020,Atencion especializada para seoras mayores .(Autovalidas e Invalidas)Excelente y segura zona Atencion ho
1291374100783362048,Fri Aug 07 12:40:28 +0000 2020,Yay
260017003,Fri Aug 07 20:17:40 +0000 2020,"Wow Fauci, way to tell us the problem with people getting sick and your TRUE thoughts about herd immunity."
1277541053311131649,Fri Aug 07 18:13:59 +0000 2020,"Hey, so I've been thinking about my buying habits. To me, buying pre-loved is almost always the best...you can save"
1261374493970350083,Thu Aug 06 15:06:24 +0000 2020,": I dont know who needs to hear this but, light the fancy candle. What the fuck are you saving it for at this point?"
830130308985004033,Fri Aug 07 09:07:28 +0000 2020,"A conversation not to be missed, our founder chats with for a very special !Watch o"
1288312600015638529,Thu Aug 06 14:02:11 +0000 2020,Pandemic Positivity: More time with our dog Daily belly rub quota has increased significantly.
3350908283,Thu Aug 06 11:23:57 +0000 2020,: Maskne. Need we say more?
1247578282155020289,Thu Aug 06 11:22:20 +0000 2020,: Maskne. Need we say more?
445388360,Sat Feb 11 05:58:48 +0000 2017,", ?"
1611191,Fri Aug 07 10:12:33 +0000 2020,": Virus keeps spreading as schools begin to open, frightening parents and alarming public health officials"
1288640062985445376,Fri Aug 07 16:22:52 +0000 2020,: some people use the word family way too loosely. family to me is having your back when you need them most. not leaving
1152078356516487169,Sun Jul 19 16:02:40 +0000 2020,Required immediately action
811985344828702721,Fri Aug 07 22:43:45 +0000 2020,The new Unsolved Mysteries
1163678819418402818,Wed Aug 05 20:05:34 +0000 2020,
33498044,Sun Jul 01 18:17:57 +0000 2012,LIMI .. . Love is my intention
1101298223770148864,Wed Aug 05 02:58:01 +0000 2020,Montero makes me proud how he had to be careful and ease his way into this but at least all futur
1025758062462820352,Fri Aug 07 23:01:12 +0000 2020,..
1246847858013278210,Sat Aug 08 02:53:36 +0000 2020,: Theyre kinda slow up there. Their processors are still powered by hamsters. It takes a while for those hamster
20460231,Fri Jun 26 20:35:26 +0000 2020,: More than K meals distributed during today's event at headquarters!
127454258,Sun Jul 19 13:54:17 +0000 2020,"Hi, I cant ) connect to from the browser ) receive emails on my .co"
1030898052092051456,Thu Aug 06 18:09:51 +0000 2020,: Place this Wreath with pride on your front door.Get yours &gt;&gt;
349385570,Mon Aug 03 16:47:13 +0000 2020,Finally - some good news we can use! Study: Chocolate is good for the heart via
785897038789513216,Mon Aug 03 14:12:16 +0000 2020,"Last chance to pick up your free copy of this award winning best seller.On the run from Heaven and Hell, a demon b"
798259686667644932,Fri Aug 07 21:50:06 +0000 2020,How to Optimize Your URLs for Search [Quick Tip]
1242173540352344072,Wed Aug 05 16:56:48 +0000 2020,Love it!
1291086094109306882,Thu Aug 06 22:08:42 +0000 2020,": For , writes about graduating from university at home, inheriting a broken world and how her generat"
1257035272945954816,Fri Aug 07 18:01:56 +0000 2020,: Don't persuade. Let the reader be persuaded
1962188780,Sun Jul 12 16:58:03 +0000 2020,Zgazite olo.
1270420786071904258,Wed Aug 05 18:52:55 +0000 2020,Doctrina de conversin gay versin woke. Por lo visto lo nico que tienes que hacer ahora es acusar
379854340,Fri Mar 16 03:25:09 +0000 2018,: No Shows are costing you more than you think.... can help! Learnmore.com
1291037357630795778,Thu Aug 06 19:11:55 +0000 2020,"Cuando ests empezando a meditar, es importante que construyas buenas bases de respiracin ya que esta va a ser tu"
707888022,Sat Aug 01 07:00:27 +0000 2020,"Enhorabuena, Cristian. Sin duda han sabido elegir bien el jurado."
48324552,Fri Aug 07 16:02:01 +0000 2020,.
2269468051,Wed Aug 05 18:32:27 +0000 2020,": As youre awakening or evolving, self-love and self-worth will make you say no more often."
40508094,Fri Aug 07 01:07:20 +0000 2020,"Hey, will you work with to link your customers' accounts so we can earn cash back without a re"
1106171498291695616,Fri Aug 07 12:00:22 +0000 2020,"To work towards , Reduced Inequalities we need to: amplify underrepresented voices so we can create greater"
867402670038032384,Tue Jul 28 15:28:00 +0000 2020,Thank u for making this a continued effort. Will continue to b a customer of companies like these who
955690851711119362,Wed Aug 05 08:58:44 +0000 2020,Balle Balle.
852130374,Fri Aug 07 22:59:20 +0000 2020,": Wade Davis, anthropologist, friend, and fellow Canadian, just published this rather remarkable article in Rolling Ston"
2880180824,Thu Apr 02 02:28:44 +0000 2020,: Order hygienically prepared Nutritious food on Whatsapp with Just few easy steps.
105682692,Sat Aug 08 01:35:00 +0000 2020,"strong Christian, devoted father, husband. upstanding, morally-sound person. perverts usually are. People think """
1197705460998164481,Thu Aug 06 18:20:59 +0000 2020,": Ivn Duque hizo una confesin gravsima hoy. Dijo: ""Soy y ser siempre un creyente en la inocencia"" de Uribe.Lo clave es"
870365369441153024,Tue Nov 20 11:32:15 +0000 2018,"Congrats! In my rd month, not easy but I wouldn't swap it for anything. Keep up the good work"
362450711,Wed Jul 15 10:27:40 +0000 2020,Dear Sir today I had Recharge GB Day plan For mobile Number But there are d
1285990711817416704,Tue Aug 04 22:48:52 +0000 2020,: New Research Says Women Are Feeling More Confident In Their Bodies Now Than Ever Before
1290368470769700865,Fri Aug 07 21:16:55 +0000 2020,Yeah so sad they have no idea whats like to live life with so much stress without job and money and gonna be home
1274299928194531332,Fri Aug 07 15:54:32 +0000 2020,
108047111,Thu Aug 01 01:47:35 +0000 2019,Lol
1295490007,Tue Aug 04 15:06:53 +0000 2020,That doesn't mean someone suffering from the same things will also benefit in the same ways. We're all different.
2423535042,Sat Aug 08 03:06:24 +0000 2020,Update: completed my first full week as a daywalker (aka normal human) and now have a persistent heat rash on my fa
54027785,Fri Aug 07 16:47:04 +0000 2020,": Many hospitals have suspended clinical trials due to COVID-19, further limiting cancer patients' options. ex"
14105351,Fri Aug 07 19:19:42 +0000 2020,Pro Tip: Forest Bathing is very different than Forest Baths.
1286341501077745664,Thu Aug 06 03:39:13 +0000 2020,": This colorful, classic Italian side dish features a saucy medley of fork-tender veggies. https"
954156703,Fri Aug 07 11:02:24 +0000 2020,Lol to all guys who are actually explaining why
1280424936667054081,Thu Aug 06 07:52:24 +0000 2020,"So why not check out our Organic Turmeric &amp; Black Pepper food supplement () &amp; what's more, f"
1195263936909590530,Thu Aug 06 08:47:21 +0000 2020,Here is our handpicked list of self-help books that can have a tremendous and lasting impact on your life.
134599122,Fri Aug 07 16:51:25 +0000 2020,
4832209941,Tue Aug 04 07:41:05 +0000 2020,": This year is different, but you can still Be Your Greatest ! is our virtual running campaign, created to pr"
1277172521410969600,Tue Aug 04 07:20:59 +0000 2020,": When in doubt, when faced with a choice or challenge, instead of asking yourself what should I do, try asking Who am I goin"
1241524654927425536,Thu Aug 06 06:34:16 +0000 2020,: Stop expecting honesty from people who lie to themselves.
1236272690299879425,Fri Jul 17 14:52:55 +0000 2020,"Webinar gratuito en directo para todo el mundo! El prximo domingo de julio, Alejandro Snchez, Project Manag"
1277812357117296642,Sat Aug 08 03:04:44 +0000 2020,This looks way better than a burrito bowl.
24210854,Sun Mar 24 23:09:30 +0000 2019,Im excited for a brand new venture this spring. In May I will be launching a new business called Dragonfly Urban F
21391253,Fri Aug 07 21:23:28 +0000 2020,: A 'rapid eyebrow lift' is a great way of giving someone a friendly greeting without uttering a word.This is especiall
50771919,Fri Aug 07 21:36:58 +0000 2020,An emotional reaction itself is an automatic response that prepares us mentally and physically for appropriate acti
1248420027088461824,Wed Aug 05 19:33:01 +0000 2020,"Limits, like fears, are often just an illusion. Bravo!"
1178734776343306240,Fri Aug 07 23:25:30 +0000 2020,: N.O.B.S. Apparel Marketing Video via
1214975653159866368,Tue Aug 04 17:00:39 +0000 2020,": This Wednesday, at PM EST, join Dr. Carla Johnston for a Facebook Live on our page as she talks about telehealth at th"
1289399075792723970,Tue Aug 04 20:45:10 +0000 2020,Stunning design by Patricia Mulko topaz with on
1290405323715616768,Thu Aug 06 18:55:26 +0000 2020,"I've been to some Chinese restaurants that offer complimentary pineapple slices after a meal, which mak"
988795412080455680,Fri Aug 07 20:18:33 +0000 2020,Ain't it just!
1286089898970230788,Thu Aug 06 22:26:46 +0000 2020,linda.
34532010,Wed Jul 29 00:53:14 +0000 2020,Ice cream? YUM! Plant based? Even better!
218496976,Fri Aug 07 21:14:10 +0000 2020,mission imposible
1714209253,Fri Aug 07 22:47:21 +0000 2020,haha u always had a problem misspelling my name but its ok
46294912,Thu Aug 06 20:27:15 +0000 2020,can't stop thinking about a charcuterie board. is it just me or is everyone into them right now??
2355254078,Wed Aug 05 14:47:48 +0000 2020,"Remember, it's a practice! As with anything else, start with baby steps! There are so many different styles of yog"
820282536857210880,Sat Aug 08 03:03:14 +0000 2020,
1262776855712665601,Fri Aug 07 16:21:19 +0000 2020,you should be right now.
1267572509139972107,Fri Aug 07 20:07:10 +0000 2020,Do not trash the slaw!
3832212335,Fri Aug 07 23:03:08 +0000 2020,: Media and the rest of us need to stop repeating Trumps language about the radical left. This is just Republican code wo
19795251,Tue Jun 02 13:06:28 +0000 2020,: This is my favorite from the arrested at last nights . Ryan was there to protest the death of a bl
6574432,Mon Aug 03 01:50:59 +0000 2020,
227316254,Fri Aug 07 15:59:02 +0000 2020,If you're a fan of the Plant Kitchen range from M&amp then you'll be excited to hear that they've introduced new pr
935114274984341504,Wed Aug 05 14:15:02 +0000 2020,
139247417,Fri Aug 07 22:55:08 +0000 2020,
1184261637513068545,Sat Aug 08 02:15:02 +0000 2020,": Trump turned his Bedminster news conference into a rally, bashing the press and drawing applause from his golf club members. Th"
317701815,Sat Aug 08 01:00:20 +0000 2020,": Arlington-based Lebanese Taverna has raised nearly $30,000 for relief efforts after the massive Beirut explosion https://"
403883326,Fri Aug 07 04:43:25 +0000 2020,": Stress is caused by being ""here"" but wanting to be ""there,"" or being in the present but wanting to be in the future. It"
1255695305019756544,Mon Aug 03 00:52:39 +0000 2020,"Great advice from the - no matter how you feel, the best thing to do is it wi"
1289272019041755136,Sat Aug 08 00:53:52 +0000 2020,
1223280980011749376,Sat Aug 08 03:00:05 +0000 2020,lavender lemon sorbet
1257294882718318592,Mon Jul 20 16:16:07 +0000 2020,"Dont put attention to detail on your resume, if your brows arent on point."
1217225994853146628,Sun Aug 02 22:40:00 +0000 2020,: whats happening in my head vs what people see
946497486130155523,Tue Aug 04 14:43:47 +0000 2020,: People who think the whole world is against them need to stop living in their mind.
1238494113500139520,Wed Aug 05 13:13:20 +0000 2020,": Love this quote from Ricky Gervais as David Brent. I agree: in the end, all we can do is keep trying to accomplish what w"
971221420905709568,Mon Aug 03 17:24:08 +0000 2020,": If you keep thinking youre a failure, thats exactly what youll become. If you keep telling yourself youre going to make"
869409750236057600,Sun Aug 02 20:22:55 +0000 2020,Absolutely! And when colouring with your child you also connect more peacefully in the present moment
1262186125755637761,Tue Aug 04 15:06:51 +0000 2020,: A compra de quantidades de alimentos corretamente adaptadas s necessidades de consumo permite reduzir a produo de r
1259873943009148929,Thu Aug 06 10:53:33 +0000 2020,people followed me and people unfollowed me // automatically checked by
87928159,Fri Aug 07 20:02:48 +0000 2020,": Once again, all about the $$$COVID-19 Dr. Zelenko: Americans and Many More Around the World Are Dead Because H"
1108807484,Sat Aug 08 02:40:02 +0000 2020,
1284523963574448128,Sun Aug 02 19:14:49 +0000 2020,Meditation cushioned mat
76092003,Wed Nov 07 19:15:16 +0000 2012,Think Youll Never Lose Those Excess Pounds? Try These Simple Fixes Before You Give Up!
204132729,Fri Aug 07 22:49:25 +0000 2020,"Color, but both beautiful (I tend to like my portraits in color and landscapes in B&amp;W)"
260503239,Tue Aug 04 20:18:53 +0000 2020,"Whatever you are, be a good one"
1289977322251014144,Mon Aug 03 13:46:32 +0000 2020,Any guesses to what Im cooking? Which ingredients can you spot? Let me know. Health is wealth.
19167378,Fri Aug 07 17:21:22 +0000 2020,": Now that masks block the ability to read lips + other visual expressions, it's important for hearing people to be patien"
2370989544,Mon Aug 03 22:05:55 +0000 2020,": Rest assured this will make it to the screen of B1G commissioner Kevin Warren, an advocate of player safety and well-b"
975482198710280192,Sat Aug 08 01:45:01 +0000 2020,Seen Only on Netflix yet? Talk about dedication love determination and the irony of a pandemic. Pretty broundbrea
740985452266696704,Fri Aug 07 17:07:45 +0000 2020,: Astronauts tripping.Credit: NASA
1287900150182998018,Sun Aug 02 15:55:31 +0000 2020,
1281564159856041986,Sun Aug 02 23:47:09 +0000 2020,": Now more than ever, we need a president who believes in science."
20874498,Sat Aug 08 00:27:26 +0000 2020,: men will idolize tony soprano but get mad at you for suggesting they go to therapy
1289061159715274754,Fri Aug 07 16:56:48 +0000 2020,: Watch your negative emotions and take it easy!
1023975854,Sat Aug 08 02:56:03 +0000 2020,": Jamia Nizamia has accused the Congress party and Kamal Nath of turning their back on the Muslims, adding that backing Musl"
43784450,Sat Aug 08 01:35:07 +0000 2020,": A goddess is playful, peaceful, bold, bright, strong, soft and EVERYTHING in between"
2821536323,Tue Aug 04 17:47:02 +0000 2020,No shared concerns here
22419421,Fri Aug 07 16:56:40 +0000 2020,
1018242934603436033,Wed Aug 05 21:41:05 +0000 2020,Spring time - .
1446647606,Tue Aug 04 16:13:12 +0000 2020,": , . , , ,"
95747358,Tue Aug 04 03:20:48 +0000 2020,": A friend Sent me this,Well I Think shes a friend"
194813197,Mon Aug 03 18:42:22 +0000 2020,Siento las ancias de una nia pequea cundo de comprar libros se trata. Que bonita y satisfactoria sensacin.
701103445,Sun Aug 02 18:06:33 +0000 2020,"When the , &amp; are visible within a very close proximity, in a clear night sky, the sight is a"
260614123,Fri Aug 07 19:21:27 +0000 2020,Yogurt
40800025,Sat Aug 08 02:59:53 +0000 2020,Tell ittttttt sir!
935244458794340353,Mon Mar 12 21:14:30 +0000 2018,Success
1289562510576816128,Sat Aug 08 02:33:06 +0000 2020,Last meal of the day with a few Macros to spare.....
859162488,Sun Oct 26 22:33:32 +0000 2014,
728071141210775554,Fri Aug 07 14:40:57 +0000 2020,: I have absolutely no words... Thank you not only for your service but for standing with us as we tomorro
1284519465854664704,Wed Aug 05 19:18:01 +0000 2020,Its too hot for boobs today yall
3258319479,Wed Apr 15 22:55:58 +0000 2020,: Ms. Plower is flying the flag for Kerry and St. Brigid's College in week of the trick shots for
339128981,Thu Aug 06 22:14:11 +0000 2020,: Happy Jamaican Independence Day......I gotta represent with the national dish Ackee and Saltfish
2281756962,Thu Nov 28 01:51:23 +0000 2019,: Post Your Funny Videos On The New LetzKeepItREAL Laugh Out Loud Feature! Follow Back For Details! The New Letzkeepitr
1050951305932337153,Wed Jul 29 23:30:31 +0000 2020,simply soothing!
74835957,Fri Jul 31 17:59:48 +0000 2020,THIS. IS. NOT. OK.
1225593795464613890,Fri Aug 07 01:54:13 +0000 2020,Could you imagine if a guy came up to you wearing one of those pink suits singing Im just a love machine...
1045348325212516352,Mon Dec 09 12:50:24 +0000 2019,"Begin this week off affirming: I am attracting everything that is for my highest good; new opportunities, new energ"
1289131487623872512,Fri Aug 07 09:30:42 +0000 2020,: Just wait. Something better than that (what you asked for) would be coming your way. You should always put that clause
1246918812928278529,Fri Aug 07 19:44:32 +0000 2020,": My God, what a SHOT."
1289629833937301504,Fri Aug 07 23:50:57 +0000 2020,
1289618096727240704,Fri Aug 07 11:16:53 +0000 2020,Liquorice!!
1287020884520304645,Sat Aug 08 01:50:18 +0000 2020,: A healthy natural environment is vitally important for all eco-systems and it is our responsibility to protect it. W
1227093413335621633,Fri Aug 07 21:25:06 +0000 2020,Your work only gets better with each release!That Book of Job bit was sheer brilliance!
1268867658633613314,Fri Aug 07 15:19:06 +0000 2020,: Omg guys I'm one follower off k how did this creep up on me
717378124812451840,Sat Aug 01 11:05:18 +0000 2020,Because of L people are getting fond of dark circles
1289571264840040450,Sat Aug 01 14:45:34 +0000 2020,"please expect: body politics, random thoughts on many things, GIFs, updates on my biz and more!"
1289566139068985344,Fri Aug 07 01:37:31 +0000 2020,call me crazy but at least shes callin
1093326595043975168,Fri Aug 07 14:13:01 +0000 2020,": I don't do the cooking. I don't do the cleaning. Thank u, next."
906866126428282880,Fri Aug 07 19:04:39 +0000 2020,Officially done with - sent in a DVF dress in great condition. It didnt get selected to be sold. This i
2495170404,Fri Aug 07 22:33:20 +0000 2020,
1271068869126488069,Fri Aug 07 19:17:06 +0000 2020,Nope
1157005294943252484,Wed Aug 05 01:02:33 +0000 2020,When people in their s call me Maam
1289236070127636481,Sat Aug 01 14:38:01 +0000 2020,Why isnt the city updating us on their individual case counts. The safety of citizens is important
247341396,Wed Jul 01 14:22:12 +0000 2020,": Check out this review from our Chair, Dr !"
1000699237850591232,Sat Aug 08 00:13:00 +0000 2020,For all your questions about the keytar:
1273556995249975297,Sat Aug 01 10:11:36 +0000 2020,Your support will encourage us to do better
825361331087876097,Mon Aug 03 12:42:03 +0000 2020,"I wish that one day I got a news with the headline, Corona it's over. Now it's our time."
513296592,Tue Apr 28 15:20:30 +0000 2020,": Lets Go Sharks, vote for May River."
1289435308283457537,Tue Aug 04 12:39:21 +0000 2020,There's a reason they call Montana Big Sky Country.
1364055732,Sat Jan 16 06:58:41 +0000 2016,
727245062833340417,Sat Aug 08 02:41:42 +0000 2020,Awesome! Myra Woodberry
1094477988148563968,Sun Aug 02 00:44:26 +0000 2020,"It is said contrast makes a great picture, it brings out clarity.The same is in life.In order to truly understa"
1245860175728148481,Fri Aug 07 18:57:48 +0000 2020,"I did this with my youngest back in Nov. We had a couple of rough months, but it got much better. On"
1288782875857428482,Wed Aug 05 01:10:41 +0000 2020,Dank je
1289340680742019072,Fri Aug 07 03:34:00 +0000 2020,"Former Senate President of , Bernard Sansaricq, DEMANDS Full Audit by"
703953894,Tue Aug 04 16:41:41 +0000 2020,: Don't lose your shit. Click here instead...
1268158296071958528,Sat Aug 08 02:13:49 +0000 2020,: Help your cousin get more folding chairs from the garage The cousin:
2379544692,Fri Jul 31 23:31:45 +0000 2020,save yourself
608344868,Thu Jul 23 19:53:00 +0000 2020,Life is what you make it. A new day is another chance to reset &amp; get going again
45645557,Fri Aug 07 02:46:46 +0000 2020,: My .
1288935612066811915,Thu Aug 06 01:47:38 +0000 2020,": El congreso de Oaxaca, Mxico, aprob una ley que prohbe la venta de productos chatarra, como bebidas azucaradas y alimentos al"
1289289644417396736,Thu Aug 06 18:36:43 +0000 2020,": SpaceX falcon leaving Earth's atmosphere and created a ""Twilight Phenomenon"""
1163969669054836737,Fri Aug 07 18:55:54 +0000 2020,: your manifestations are coming. its already yours. affirm it. claim it. u deserve it..
56873029,Fri Jul 31 17:53:31 +0000 2020,Grateful today for - I am /4 done with program and everyday get to say that I spend my time doing
955724372,Wed Apr 22 05:01:28 +0000 2020,Grilled Swiss &amp; tomato on rye
1191051679950626821,Mon Aug 03 19:19:25 +0000 2020,: Ti nye europeiske hoteller som har ftt skryt av CN traveller. Disse hotellene er bde rimelige og gode bo i. Perfekte n so
543766172,Tue Aug 04 15:50:23 +0000 2020,"What does your nutrition, mood, exercise, productivity, ideal daily schedule and even sex life have to do with wher"
1289222676184281090,Fri Jul 31 16:55:49 +0000 2020,We this
391423626,Sat Aug 08 00:57:32 +0000 2020,OMG SHE IS AMAZING.
196692941,Wed Aug 05 00:49:13 +0000 2020,: The insoluble fiber content in almonds helps prevent gallstones by binding to bile acids in the gut and removing them from
394341475,Fri Aug 07 14:03:34 +0000 2020,: I love to try on different outfits for my big trip to the grocery store
1274711642228568064,Fri Aug 07 23:08:24 +0000 2020,Expand your mental models &amp; be responsive to societal shifts!
1339349209,Sat Aug 08 02:53:11 +0000 2020,": if your last -5 tweets are just complaints, take a step back, breath, and sign off. Go for a walk"
931354398,Fri Aug 07 00:54:53 +0000 2020,Tips for Uber eats drivers shouldnt be percentage based nor chosen in advance. Pay these folks a standard amount.
1289172877359616000,Fri Aug 07 12:53:48 +0000 2020,Brilliant to hear on this morning. Her skincare products look amazing!
2439256361,Sat Aug 08 03:19:34 +0000 2020,": Dual streaming w/ playing , watch both streams here:"
1282730057816059910,Wed Aug 05 14:09:18 +0000 2020,"And know how to celebrate it, talk positively about it and be grateful for it openly and privately."
1273025268689461249,Fri Jul 31 09:13:08 +0000 2020,
1281147701556477952,Fri Jul 31 08:47:58 +0000 2020,Rest In Peace Aaliyah (right) &amp; Left Eye (left)
1551550196,Sun Aug 02 10:35:33 +0000 2020,"A friend is someone who understands your past, believes in your future, and accepts you just the way you are."
1257350552511320064,Fri Aug 07 22:00:05 +0000 2020,"We want our subscribers to work smarter with us, not harder alone. Our media member portals contain essentials like"
33111084,Fri Aug 07 15:13:03 +0000 2020,Trusting
1289054821392228352,Wed Aug 05 16:36:17 +0000 2020,"Dani immediately makes you feel comfortable, and puts you at ease when you begin a session wi"
1239446836299149312,Fri Jul 31 03:26:52 +0000 2020,: -07-30 :00UTC
414475613,Sat Aug 08 03:11:16 +0000 2020,
739689770,Sat Aug 08 00:02:11 +0000 2020,
1283838170220474368,Fri Jul 31 01:15:54 +0000 2020,": No matter how lost you feel right now, there's always a way out and up, and it always starts within you. A daily self-car"
1288558145166598145,Mon Aug 03 19:11:44 +0000 2020,
1288951675944947712,Fri Aug 07 21:31:08 +0000 2020,": Are we just going to ignore the fact that Sweden never issued stay-at-home orders, kept schools open, didn't close busin"
1286047974527660032,Fri Aug 07 14:38:46 +0000 2020,
299326393,Thu Aug 06 13:18:35 +0000 2020,Where were you on FB last night. How can I see you. One of the W of the RL???
2790610069,Fri Aug 07 11:10:05 +0000 2020,: You know who WASNT on the Epstein flight logs? This guy.
46618848,Fri Aug 07 22:43:23 +0000 2020,": ""I could see that Jeremy, who is White, was different from the man I knew at home."""
109948203,Mon Aug 03 12:30:44 +0000 2020,
2365743581,Thu Jul 23 19:59:57 +0000 2020,well Andrew is such a self centred that. He contributed nothing to the relationship w
1266124962152267776,Fri Aug 07 14:55:09 +0000 2020,"Stop inhaling chemicals, dander, &amp; other toxins at the salon. RIA is adjustable so filtered air flows directly to y"
158427657,Tue Jan 21 23:57:27 +0000 2020,"am, Push and Back Good. Can't wait!"
478863778,Wed Aug 05 13:24:10 +0000 2020,Help the deaf community! Don't let YouTube remove community captions - Sign the Petition! via
2416335146,Thu Jul 30 18:46:46 +0000 2020,"Was thrilled to put my skills to use off the mat, on the keyboard, and write ""The Best Type Of Yoga To Try If"
1167199287597395968,Fri Aug 07 19:27:50 +0000 2020,Gulzar and AR Rahman combo
1234209411943415808,Sat Aug 08 00:28:03 +0000 2020,Impersonating a federal officer is a crime and they cannot go harassing employees like this.
1271191989279764480,Thu Aug 06 13:54:39 +0000 2020,Mantras for Leo Season
1277571182708039680,Fri Aug 07 15:03:47 +0000 2020,Weekend is fast-approaching! Make time for the things that make you happy.We are here to support you if needed.
772014285031612416,Thu Aug 06 16:26:37 +0000 2020,Nature.... priceless
305421754,Mon Jan 27 10:56:48 +0000 2020,: Life is short and unpredictable. Make sure you take the time to do what you love and spend time with who you love.
1288756211089842177,Mon Aug 03 12:55:20 +0000 2020,Happiness is state of mind!
1004345723607867392,Thu Aug 06 11:30:28 +0000 2020,"""Nothing is permanent in this wicked world - not even our troubles."" - Charlie Chaplin"
1288698030712029184,Thu Aug 06 06:49:27 +0000 2020,"I know, right? Normally it's on at am each time..."
1236031565660065794,Wed Aug 05 18:45:58 +0000 2020,: This moment right NOW is your greatest moment of power because what you are thinking right now gives rise to your future lif
2699692622,Sat Aug 08 01:21:51 +0000 2020,Just laughed out loud. I hear things accidentally every minute of the day.
461641497,Sat Aug 08 02:48:22 +0000 2020,": Step inside for . Starting today, you can shop Beautycounter at stores. i"
1273660358306258944,Fri Aug 07 15:28:19 +0000 2020,: The General Assembly decided not to eliminate the notary/two witness requirement for mail ballot voting. Through this l
1288627943971762176,Wed Aug 05 23:59:35 +0000 2020,My obsession with this mirror is R E A LI wanted to shed a little light on why I created Sculpt by Madison online
370744072,Fri Aug 07 19:14:20 +0000 2020,: The Benefits of DHEA in Men &amp; Women
1213199681435488257,Thu Aug 06 19:32:40 +0000 2020,A
32935490,Tue May 09 17:58:14 +0000 2017,Yes I am.
1190052416236007435,Fri Aug 07 22:32:47 +0000 2020,If you allow people to travel everywhere and anywhere during a pandemic of course you will have a problem on your h
1138260140245696512,Fri Aug 07 20:14:28 +0000 2020,our first is Back in Black
890886953037647872,Fri Aug 07 17:04:22 +0000 2020,: . . .
1071352236083736578,Mon Aug 03 09:51:28 +0000 2020,": Lovers don't finally meet somewhere, They're in each other all along."
195813235,Wed Dec 24 03:38:13 +0000 2014,"Waiting minutes so far on this plane for late passengers to arrive out of ""courtesy."" What?!? Absurd policy"
17622490,Fri Aug 07 07:06:22 +0000 2020,LOVE
1126140735756152833,Fri Aug 07 18:18:34 +0000 2020,Yes mate by looks of it
1248832828172906496,Sun Aug 02 21:23:50 +0000 2020,:
2701449188,Wed Jun 17 02:41:01 +0000 2020,The Police Killings No One Is Talking About: Native Americans Most Likely to be Killed by Cops via
2371851105,Sun Aug 02 23:17:57 +0000 2020,
1029821433235599360,Fri Aug 07 16:40:10 +0000 2020,Motion for Everyone to Block
3580513227,Wed Jul 29 14:25:16 +0000 2020,": Nutritional psychiatrist, , outlined exactly how getting the right nutrients to the brain can have a major"
977971302337273857,Thu Aug 06 01:18:14 +0000 2020,: Trump interviewing himself may be the best thing to ever happen to the internet...
1355318395,Tue Feb 26 18:08:19 +0000 2019,can you give us an update on the rape kit backlog in MA?
739574864,Sat Aug 01 13:42:13 +0000 2020,"as a supporter and someone who has contributed to your campaignn, Im asking you not to debate Trump. C"
1270284789132791808,Fri Aug 07 12:39:20 +0000 2020,": When youre down, when youre discouraged, God is not going to leave you there. Hell always have someone to help lift you"
1282800711177105408,Fri Aug 07 09:06:29 +0000 2020,": I get asked: ""If I forgive someone, does that mean I have to stay in relationship with them?""The answer: No.But oddly,"
1263742616081969152,Fri Jul 31 06:49:01 +0000 2020,
2696684407,Thu Jul 30 14:22:35 +0000 2020,: Bathing Advisory Notice for Ballymoney North Beach
1078767554,Mon Aug 03 17:03:29 +0000 2020,Don't forget to wear your masks!
32998902,Fri Jul 31 03:31:00 +0000 2020,I just joined Parler. How the heck do you find ppl there?
986377607338901504,Sat Aug 08 03:11:05 +0000 2020,Harusnya gimana dong dok?
1286913353386848256,Fri Aug 07 11:30:34 +0000 2020,: were living in a movie.
1239900917802995712,Mon Aug 03 03:29:28 +0000 2020,Can this book be read on an iPhone?
501886340,Fri Aug 07 23:19:57 +0000 2020,Thoughts and prayers.
42093697,Wed Jul 29 01:12:26 +0000 2020,WHY? Just WHY? Enough already!
3330088486,Thu Jun 04 03:49:15 +0000 2020,Im literally so excited for you
923661108828717056,Thu Aug 06 05:00:55 +0000 2020,Super endearing way to inspire us to be smart! It feels like wearing a mask is the single most important way to liv
1286857999512997888,Sat Aug 01 07:25:15 +0000 2020,: musical chairs but make it worse... w my ofc
1286789197895000069,Sat Aug 08 00:51:41 +0000 2020,": A school superintendent in GA says, ""Wearing a mask is a personal choice and there is no practical way to enforce a manda"
3176668835,Thu Jul 30 08:37:39 +0000 2020,: . is sending its rover Perseverance to Mars. It is designed to search for signs of ancient life and pave the way for gett
1096178093935419392,Thu Aug 06 21:11:52 +0000 2020,": This beginning may not be easy, but its an important opportunity for us to reimagine what it means to read and learn not ju"
564905835,Fri Jul 24 21:36:22 +0000 2020,
1286974968509673474,Thu Aug 06 15:19:37 +0000 2020,Vibrating... energy on
1047160987294605312,Wed Aug 05 13:18:22 +0000 2020,Concentrarse en los aspectos MECNICOS de la dieta (caloras y macros) da resultados. Co
1270755828627394562,Tue Jul 28 17:17:13 +0000 2020,: How Im Handling Money Differently After Nearly Losing % Of My Income: Ready to make your money work harder for you?
1263152875880042498,Sat Aug 01 15:58:48 +0000 2020,": There is something very reassuring about any shred of normalcy in a crisis, and that includes mac and cheese, says"
829545979753922560,Sun Apr 26 23:48:08 +0000 2020,Official website
1098301272745234432,Fri Aug 07 12:38:48 +0000 2020,"Dear Body, I Love You. You allow me to travel and experience new places. You're stronger than I could ever"
907335693256609792,Tue Jul 28 16:35:15 +0000 2020,: You alright my sweet honey peach let me kiss away the pain GIF via funnyoranimals Rt mg BerryYN
1283094504908750848,Tue Jul 14 17:51:07 +0000 2020,I want to see my familia!
342326360,Sat Aug 08 01:44:08 +0000 2020,I'm live:
28039735,Sat Aug 08 02:50:33 +0000 2020,"Look, man, Im a Whataburger lover. I hate their burgers but Im a huge fan of other menu items. And"
266870624,Fri Aug 07 20:24:27 +0000 2020,: whats ur favorite tiktok house? this is mine:
45832771,Thu Aug 06 16:05:54 +0000 2020,": ? ,"
184317104,Thu Aug 06 00:56:03 +0000 2020,Watch groundbreaking documentary series Exhausted - Limited Time
2491130369,Sat Aug 08 02:21:39 +0000 2020,: If validation from others is what you CRAVE...youll never be satisfied.
27008042,Sun Jul 12 07:35:14 +0000 2020,"Doona Dan might be at his desk now, but his decision to employ private security guards c"
22605497,Sun Jul 19 22:24:59 +0000 2020,": Just remembering when David Bowie came round to stay at my nans for Christmas. For sure I was very nervous meeting him, but he"
1227717616950808576,Mon Aug 03 22:49:49 +0000 2020,INew York
1278213921468342275,Fri Aug 07 13:49:48 +0000 2020,Its clear as mud isnt it ?
1130429711849578496,Tue Jul 28 20:23:07 +0000 2020,: - -: ..
1265645870462140417,Thu Aug 06 14:01:33 +0000 2020,"For the th year in a row, Treeline is proud to partner with to help bring peace and safety to anima"
900874788,Thu Apr 02 03:32:00 +0000 2020,: Your future has NO room for your past.
1287924947361374208,Thu Jul 30 08:50:24 +0000 2020,": Counting on you not just to speak in Parliament but to get this BAN UNBAN , as per law can do th"
375940677,Thu Aug 06 02:21:46 +0000 2020,You will never regret saying YES to day one
1287885353567887363,Wed Aug 05 15:12:42 +0000 2020,: ..
1287391936622530560,Fri Aug 07 14:00:02 +0000 2020,": Keep in mind that grief doesnt just dissolve. Instead it arises in waves and gradually, with growing compassion, there"
15517695,Thu Jul 30 20:52:13 +0000 2020,
1030476628458201089,Mon Jul 27 22:32:14 +0000 2020,I'm Pennsylvanian and Pennsylvania does NOT stand for fracking! It stands for the forest. SYlvania=FOrest Lan
865370051846615045,Fri Aug 07 03:01:49 +0000 2020,Watch The Living Kitchen CookBook Trailer on
28539493,Sun Aug 02 21:50:34 +0000 2020,: reasons he keeps you around when he doesnt want a relationship
3023218542,Sat Aug 08 01:30:53 +0000 2020,One day you will tell your story of how you overcame what you went through and it will be someone else's survival g
1287845290049802241,Thu Jul 30 16:21:26 +0000 2020,": The Green New Deal is not just about saving our planet, it's about achieving racial and economic justice for the communities"
1021807399353626625,Mon Aug 03 19:34:26 +0000 2020,US Government why do we need to market vaccination ?
165636646,Fri Jul 31 16:17:53 +0000 2020,: dominic fike is the epitome of hot
1234695412834914304,Fri Aug 07 17:35:02 +0000 2020,Preparing Mentally for Dating
1003131716,Sat Jun 06 11:28:00 +0000 2020,:
21684420,Fri Aug 07 22:59:46 +0000 2020,We're starting August strong with another feature in ! We're thrilled to be named one of the Top Digit
1239561738908889089,Fri Aug 07 05:03:05 +0000 2020,": I hate texting, come sleep ontop of me."
997174683844907008,Fri Aug 07 21:01:13 +0000 2020,: Learn how can affect from and Call us today!Gut feelings: H
334358662,Thu Aug 06 12:04:46 +0000 2020,I dont know whats better...completing a notebook from front to back or starting a fresh new one
132261865,Wed Aug 05 23:33:39 +0000 2020,This is scary. Bryanston seems to be a hotspot.
25682415,Thu Aug 06 15:50:44 +0000 2020,"""Your life becomes a masterpiece when you learn how to master peace."" To me this means learning how to let go of w"
18045152,Fri Aug 07 14:53:26 +0000 2020,We would like to take this opportunity to offer a huge thank you to everyone who has continued to support us by pur
1287526353194098693,Thu Aug 06 10:51:39 +0000 2020,: Stop telling strong women they have balls. You know what balls do? They shrivel up when its cold like little bitches. A
1279354472691613699,Thu Aug 06 14:51:16 +0000 2020,Our authentic inner is often greater than we realise
1282559311705710592,Thu Jul 30 14:04:38 +0000 2020,": Le shitali, la respiration de qui rafrachit l'organisme &gt;&gt;"
1143332328132898821,Sat Aug 08 03:09:12 +0000 2020,: All rise now just how fit are you?
1648635066,Sat Aug 01 16:41:42 +0000 2020,Pretty
3109505987,Sat Jun 13 01:13:13 +0000 2020,
1160179158351327233,Sat Aug 08 01:41:19 +0000 2020,Educacin por dominancia VS educacin respetuosa
1210633310826721280,Mon Jul 27 05:27:07 +0000 2020,": At , find out instantly if your voter registrations current. If not, follow the instructions to re"
1268329535256346626,Tue Aug 04 19:07:01 +0000 2020,": God, I wish this was just a dumb show like ours."
1237123737343819776,Thu Aug 06 05:04:26 +0000 2020,I want to chop my hair! Its so fricken long!
1282368497973178370,Wed Jul 29 01:38:06 +0000 2020,: Hydroxychloroquine wont put millions into the pockets of Dr. Fauci and Big Pharma...that is why it is not the cure.
1270082452745322497,Sat Jul 11 17:29:10 +0000 2020,Inhale the future. Exhale the past
1270080711672954882,Sat Jul 11 17:37:54 +0000 2020,Beautiful pose
1268967989677830149,Sat Jul 11 17:41:22 +0000 2020,It's so beautiful
1263253897763860485,Sat Jul 11 17:34:39 +0000 2020,I LOVE this
1285718317982838784,Sat Aug 08 01:52:29 +0000 2020,Blame the Messenger by ://
1287484971553366023,Fri Jul 31 07:03:19 +0000 2020,Give it time.. You are safe in his hands. Papa will take care of you just like he always had. He wi
1274914175832043520,Wed Aug 05 06:17:38 +0000 2020,Most difficult areas to treat? A dermatologist would say hyperpigmentation... so perhaps its that?
459713297,Sat Aug 01 08:53:11 +0000 2020,This awareness is part of humanity's great awakening. We are witnessing the dismantling of an old and ancient syste
1279960967170928641,Sun Jul 26 15:21:59 +0000 2020,: a word.
1047142784518500352,Tue Aug 04 21:11:28 +0000 2020,": If not told to be afraid, you wouldnt be afraid.Dont listen. Turn off the preachings of those living in fear.You ar"
56713520,Thu Jul 16 03:55:34 +0000 2020,: These breathtaking views may very well inspire you to catch the wind and set sail.
951831472318636032,Thu Aug 06 08:54:22 +0000 2020,"Vitamin sea, coffee &amp; sunrise - magical start to the day !"
206433892,Wed Aug 05 15:39:33 +0000 2020,": Mom today on Melania: bless her heart, she's so dull. If she were a spice she'd be flour."""
1287061281472643073,Thu Jul 30 07:52:25 +0000 2020,"Apana VayuJoin me as we work with the downward vayu, exploring the apposing force to prana vayu.We don't use the"
1266951242301014017,Sat Aug 08 03:09:53 +0000 2020,: What the hell happened in the leafs game?!!
3325442629,Sat Dec 14 04:12:13 +0000 2019,|Nutritious vegetable pie
22318162,Tue May 19 02:08:39 +0000 2020,": Join , , &amp; as they discuss, Research for the New Age of"
1286688117735542784,Fri Aug 07 16:46:25 +0000 2020,"Started off my day with one of my kittens licking my nose for the first time, no matter what happens, its a good day in my book"
1252416076421480448,Sat May 09 03:00:39 +0000 2020,"LOVE is the LIGHT that Conquers Darkness The Grand Canyon, Arizona"
1286575387934326785,Thu Aug 06 20:52:06 +0000 2020,Ill visit Thigh- land with you...
1108211480623640576,Wed Aug 05 03:58:08 +0000 2020,: Trust Restaurant Group buys The Heart &amp; Trotter Butchery in North Park
1287125612335898627,Thu Aug 06 13:35:32 +0000 2020,Our prayers are with you Lebanon
1286751480339410946,Fri Aug 07 23:37:04 +0000 2020,"When you release resistance to love, you become a magnet for greatness."
36178255,Mon Jul 27 18:33:14 +0000 2020,": She has such a knack for timing, doesn't she? ""BeBest"" when we are jailing children, the janky Ten"
2281236816,Fri Aug 07 22:13:10 +0000 2020,
1287001467677749251,Tue Aug 04 15:59:57 +0000 2020,: Everybody wants the TRUTH but nobody wants to be HONEST.
1246186183454949377,Wed Aug 05 19:50:39 +0000 2020,": The best advice is to avoid foods with health claims on the label, or better yet avoid foods with labels in the first plac"
1276681940490498048,Fri Jul 10 01:19:51 +0000 2020,: United We Ball Divided We Fall!
592602000,Sat Aug 08 01:35:27 +0000 2020,clearly not doing it for the right reasons and just looking for attention...sad.
1244431837453221890,Thu Aug 06 07:14:21 +0000 2020,productive-tips: Follow -tips for more tips and content like this posted daily! Handpicked and curated
64592347,Tue Aug 04 17:36:49 +0000 2020,: Official figures from Brazil have shown the number of fires in the Amazon region are up % compared with the same month
1287049253370638337,Sat Jul 25 16:46:56 +0000 2020,Sun A &amp; Sun B. All you need is mins and seconds a day to begin your yoga journey. Tutorial coming soon
1194659039465988096,Sat Jul 25 14:25:25 +0000 2020,": China was negligent containing COVID. But what does it say about the Trump Administration that it saw China's failures, Euro"
761544217,Fri Aug 07 19:25:26 +0000 2020,": Life will only make sense; and can only produce long-term, happiness, peace, and joy when embraced from the perspective o"
1279272831243739137,Fri Aug 07 23:37:02 +0000 2020,Have you seen our information in ?
3331020794,Sat Aug 08 03:09:46 +0000 2020,The bend and snap scene came on and my mom is like yeah just bend down. That will be enough. Thats all guys care about Im dead
1242951099176361987,Fri May 22 09:05:57 +0000 2020,"La altura de la pirmide es , dado que la altura de la cara triangular es la mitad del cuadrado de su ba"
1254406216467361793,Mon Jul 27 11:58:05 +0000 2020,raffle arriving in ar country
1286919431659098112,Fri Aug 07 19:50:25 +0000 2020,My cats and dog are the only reason I'm alive.
719055211457748992,Wed Aug 05 18:52:23 +0000 2020,You will remember tunes in relationship but you will remember lyrics when breakup.By
853463965283753984,Thu Jul 23 08:17:46 +0000 2020,is not an ancient myth buried in oblivion. It is the essential need of today and the culture of tomorrow.-
1286841014397722624,Fri Aug 07 22:07:42 +0000 2020,"Yes, I was thinking it is way higher."
854844026834403328,Sat Aug 08 02:19:23 +0000 2020,rather than commit to a major lifestyle overhaul that could possibly help them prevent other health
1281845154077380609,Sat Aug 08 02:51:31 +0000 2020,Bananarama - Cruel Summer (Official Video)
1198314347719622657,Fri Jul 24 21:30:58 +0000 2020,": Before you challenge yourself to some hard-core exercise, HYDRATE! Drink to fluid ounces of water to hours befo"
1964970570,Fri Aug 07 08:12:53 +0000 2020,Man it's Nippy oucha
2617098373,Sat Jul 04 17:55:19 +0000 2020,": MUST WATCH, BIG CLUE"
1215027878485606400,Wed Aug 05 17:59:15 +0000 2020,"Wednesday Recipes-Spicy Mango, Black Bean &amp; Avocado Tacos -"
826037520211259393,Fri Aug 07 19:44:05 +0000 2020,: Which foods positively affect your mood? Find out on this brand new show with Dr. Uma Naidoo:
1266220793152679939,Thu Aug 06 16:17:37 +0000 2020,
1159260349738053633,Wed Jul 22 04:45:50 +0000 2020,": When love for parents and children is inspired and purified by love for the Lord, it then becomes wholly fruitful and produce"
1161359362180485126,Fri Aug 07 19:12:00 +0000 2020,An award winning tells us all about the best foods for &amp;
1286656110833926149,Sun Aug 02 20:56:48 +0000 2020,: The ANC crooks are feeling the pressure
240074009,Tue Jun 30 17:36:59 +0000 2020,": Hi, ! This morning, I decided to walk around our great city with a mask on and ask my fellow Chicagoans why they"
280124129,Wed Aug 05 18:53:19 +0000 2020,
1270397293288620032,Fri Aug 07 17:46:59 +0000 2020,
151352417,Thu Aug 06 15:37:39 +0000 2020,
182851171,Tue Aug 04 17:29:48 +0000 2020,": It may not seem like it, but the holiday season will be here before you know it! Plan ahead by visiting"
1146037163437502464,Fri Aug 07 21:52:19 +0000 2020,: Idk if this has been done before but lesgoo
1268736724282355712,Tue Jul 28 01:03:31 +0000 2020,See this Instagram photo by .before.dunya
1286339315279290368,Fri Aug 07 09:38:04 +0000 2020,: El ultrapopulismo - Miguel Wiazki Prximo seminario via Zoom. Sabado hs. EL ULTRAPOPULISMOL
1286411159315374080,Fri Jul 31 14:44:25 +0000 2020,Veganos devem ter que prestar mais ateno no consumo de colina na sua dieta ~450-500mg/dia. Uma dieta vegana pode
1244717042655203328,Tue Aug 04 16:32:23 +0000 2020,
1176601698481201152,Sat Aug 08 02:09:32 +0000 2020,Do You Know the Difference Between Being Rich and Being Wealthy?.
1286388983828807681,Thu Aug 06 15:59:33 +0000 2020,Those vases
35475704,Wed Aug 05 01:25:10 +0000 2020,Thank you!
457208602,Sat May 23 15:11:01 +0000 2020,": Whenever things get difficult, pause before you speak and sense your wisest motivation. This is the secret of wise speec"
1274106431889977346,Fri Aug 07 19:56:49 +0000 2020,: Things you should always prioritize: boundaries
1263392425214541824,Sun Aug 02 19:08:42 +0000 2020,Know the value of green!!! Visit my green value today
1286338417912172546,Thu Jul 23 20:36:33 +0000 2020,Free will.....What does this mean to you?
1276027532433936384,Sun Aug 02 10:17:41 +0000 2020,Amazing offer for you!!!
19571016,Sat Aug 08 03:04:20 +0000 2020,: Grab the tissues and get ready to explore the final days of Robin Williams' life in the new documentary Robin's Wish.
852597346663669760,Fri Aug 07 22:24:59 +0000 2020,"""The moment you accept responsibility for everything in your life is the moment you gain the power to change anythi"
944000233930866688,Sat Aug 08 02:56:50 +0000 2020,Glad Denise and Erika addressed the issue about Aaron.
2796961767,Tue Aug 04 18:12:40 +0000 2020,Freaky ass cat
819280050948186112,Fri Aug 07 17:35:07 +0000 2020,
1286293639199633410,Sat Jul 25 20:10:04 +0000 2020,United States Army: JUSTICE FOR LAVENA JOHNSON - Sign the Petition! via
1095043617259950080,Fri Jul 17 20:22:54 +0000 2020,Honored to be mentioned in The New York Times amongst innovative women founders and leaders shaking up the end of l
4070035815,Wed May 20 23:17:28 +0000 2020,: Great Day at the Golden Invitational and skills challenge http
2502246934,Sun Jul 26 16:18:23 +0000 2020,"John Hughes - Alden, Illinois"
108023149,Fri Aug 07 16:41:37 +0000 2020,: Ive been featured in latest blog Check it out:
1282363387255631874,Sat Aug 08 00:03:49 +0000 2020,:
507744775,Sun May 31 07:39:59 +0000 2020,"Baby tomatoes!!! fertility elementacupuncture life soulhealing gratitude Greystones, Ireland"
1184975446347141120,Wed Jul 29 07:36:35 +0000 2020,
302027626,Thu Jun 11 17:54:21 +0000 2015,: You'll get your Oculus Rift Q1 . Nothing more specific than that. But you'll be able to try everything at E3.
1147130405994283010,Wed Jul 15 15:45:00 +0000 2020,: Sometimes a hair will tickle you somewhere on your body and make you jump thinking its a bug. And sometimes you will ign
1286084053477625857,Sat Jul 25 11:18:50 +0000 2020,
1286118451216625664,Sat Aug 08 00:28:40 +0000 2020,: I hope everything goes your way today.
1285771777142951936,Wed Aug 05 02:45:36 +0000 2020,is live on Etsy now! Check out the two amazing products weve started with! More to come!
1258975304879464449,Sat Aug 08 02:29:19 +0000 2020,:
3091993458,Sun Apr 12 02:23:51 +0000 2020,:
1286090983613050882,Thu Jul 23 00:12:36 +0000 2020,HEALTH!
37576502,Mon Jun 03 16:14:17 +0000 2019,"What's not to like? A gender equal world would be wealthier, healthier and more peaceful via"
1285653343931469827,Wed Jul 22 20:55:41 +0000 2020,: minutes later
3290041995,Mon Aug 03 17:38:26 +0000 2020,": youve lost a friend , made us feel like weve lost one too"
1182759265280258049,Fri Aug 07 20:37:16 +0000 2020,Learn more about how organizing and safety overlap at
309412147,Sun Jul 19 18:15:30 +0000 2020,: We call for an END to systemic racism that allows this culture of corruption to go unchecked and our lives to be taken.
1264237773499834368,Wed Jul 22 18:40:39 +0000 2020,We tend to see results in our life based off the outcomes we visualize we deserve. Start to identif
2425990807,Fri Aug 07 17:33:12 +0000 2020,We all could use a little extra help re-centering our focus while working from home. Read StarterNoise's
37705284,Fri Aug 07 22:42:09 +0000 2020,Knowing and understanding law and all of the possible scenarios will help you and your soon-to-be ex
1239388077539201024,Sat Aug 01 18:56:24 +0000 2020,: I just call her boo think her name Esha might be Tasha might even be Keisha
1266348073879470088,Fri Jun 26 16:45:41 +0000 2020,Has this week given you ?! Here's what you can do to reverse premature grey hair
3179062409,Mon Aug 03 21:06:04 +0000 2020,": Life is too precious to stress yourself out by worrying about everything. Relax, have fun, and enjoy the learning proce"
985658113071222786,Sat May 18 00:58:53 +0000 2019,Same reply for everything!!
2866891676,Fri Aug 07 21:20:58 +0000 2020,I just published Astrology: Lions Gate /8 Portal
1043045670620475392,Fri Aug 07 12:27:23 +0000 2020,k
1285913630752595968,Sat Aug 08 03:17:46 +0000 2020,:
145173210,Fri Aug 07 18:39:33 +0000 2020,: Have been advised by editor that anything I write today is futile after this
1279745803637141504,Sat Jul 25 13:36:17 +0000 2020,The feel and touch. But also the ease of rereading. The ease of just flicking back a few pages. The gravi
41800163,Sun Feb 07 04:01:33 +0000 2016,
4060873753,Fri Aug 07 17:55:44 +0000 2020,Especially right now.....but maybe not .
1284133649961672704,Fri Aug 07 18:22:27 +0000 2020,
1285653454048854018,Fri Aug 07 13:19:07 +0000 2020,: LEARN To Sell. I also encourage joining NETWORK MARKETING Co. Why? To develop your entrepreneurial skills: Face to Fa
838118063614615553,Mon Aug 03 06:02:22 +0000 2020,Vill du veta mer om vra internationella FOP-experter och komma i kontakt med dem s hittar du deras hemsida hr
727573401158606848,Fri Aug 07 15:11:22 +0000 2020,Never underestimate the need to tell the truth
1561810351,Wed Jul 29 23:52:11 +0000 2020,Really Sketchers??? Your commercial is pathetic.
1235362038840324096,Wed Aug 05 19:19:19 +0000 2020,: Mt Bromo in Indonesia
4634797148,Thu Feb 18 16:58:55 +0000 2016,Are you getting married or having a party? Book with us TODAY and we will give you % off!!!
1285723565866835969,Mon Aug 03 01:49:12 +0000 2020,Jammed out with on her min Coldplay ride. Solid end to a great week.
1283142827493535745,Sat Aug 08 02:45:17 +0000 2020,Hi
189511767,Thu Apr 26 00:50:45 +0000 2018,"Cuando la fotografa, que es mi pasin, me lleva a lugares como este, solo me puedo sentir"
863240154,Fri Aug 07 20:05:09 +0000 2020,": Our CEO isn't just an executive. James Linder, MD, is a pathologist by trade. He understands the science behind the import"
1939416127,Sat Aug 08 02:48:05 +0000 2020,Love it. Thanks for giving back to society and not keeping it all for yourself.
25942261,Sat Aug 08 01:43:08 +0000 2020,Someone said owl now I cant stop seeing an owl when I look at it.
143761678,Thu Aug 06 08:31:31 +0000 2020,:
933403497122451473,Wed May 27 23:18:39 +0000 2020,
3518062156,Fri Jul 31 00:54:24 +0000 2020,: can we talk about the editing in this Nike commercial holy crap
1285504593330397186,Thu Aug 06 20:17:50 +0000 2020,Remove all the excuses and GO!
1260024722865045504,Fri Aug 07 04:15:42 +0000 2020,: Never fails
847485867832729601,Wed Aug 05 18:40:47 +0000 2020,I hate when ppl try to bring they SO on a girls trip so I aint mad. U cant leave bae for one weekend dang
1265058099653742598,Wed Aug 05 16:44:56 +0000 2020,coming this week!!
1224695550278361088,Tue Aug 04 11:37:32 +0000 2020,Beste Quiz | Du bekommstMega schne Tochter - Eine schne Tochter
1285594682534354945,Mon Jul 27 18:00:15 +0000 2020,: Lollapalooza is streaming a special four-day broadcast for free on YouTube this year
283325579,Thu Apr 16 19:43:39 +0000 2020,Amen!
1279144908138389504,Sat Aug 08 01:34:42 +0000 2020,"Treated myself to a delicious dish after a tough week! Carbs make everything better, right? Recipe linked below"
1118709633240174593,Fri Aug 07 17:30:40 +0000 2020,Sick of ? (We are! ) Lots of and are now offering family-style and
1034784490361704449,Mon Jul 27 09:57:20 +0000 2020,Do your bit for the society and your loved ones by switching to our Hydrogen Generator!!!
1285570372495081474,Tue Jul 21 13:42:27 +0000 2020,"Hello, loves!"
728904876504178688,Fri Jul 24 08:30:45 +0000 2020,": Hai kau Pengecut...!! Dari persembunyianmu, kau buka berita-berita online. Carilah berita soal petugas PPSU Jakarta.L"
1240270208822136833,Thu Apr 30 22:35:58 +0000 2020,Not interested in anything you are doing or would offer
1250837144853151750,Sat Aug 08 03:31:08 +0000 2020,I am not sure if you replied to someone else I followed and I liked your response or if you were r
1167993620839821314,Mon Aug 03 03:40:36 +0000 2020,
616623777,Thu Aug 06 18:28:51 +0000 2020,: Yoksa siz hala ve 'yi ziyaret etmediniz mi? -Arjantin Cd. Filistin Sk. No:45 GOP/ankaya
1269691834273607680,Tue Aug 04 18:14:06 +0000 2020,This is the video compilation of the tastiest cupcake recipes I've ever written! Always a bonus when a day at work
919664480883236864,Wed Aug 05 05:48:22 +0000 2020,Fly me to the moonKeep It CosmicLook: Cosmic Peace Dove t-shirt violence must stop
219870936,Tue Jul 28 13:05:30 +0000 2020,
1285356400126889984,Fri Aug 07 00:21:56 +0000 2020,"Having trouble sleeping? Instead of the melatonin merry-go-round, try supplementing with magnesium before bed."
1284621495772172288,Sat Aug 08 01:22:08 +0000 2020,: Put your kids in grappling.
1278665532888305666,Fri Aug 07 22:05:25 +0000 2020,": When thinking about life, remember this: No amount of guilt can solve the past, and no amount of anxiety can change the"
335183247,Fri Aug 07 18:51:34 +0000 2020,"DYK that eating sustainable can help thwart ? In addition to signing a MOU w/ ,"
2656796869,Tue Aug 04 21:12:53 +0000 2020,: . isn't just textbook rentals or homework help anymore. They're an education ecosystem.Acquired: in
3367910873,Tue Aug 04 15:38:00 +0000 2020,"Hey there, please shoot us a DM! Would love your permission to share this tweet on our social channels"
886237135367528449,Sat Aug 08 03:30:36 +0000 2020,: postal executives were reassigned or displaced in todays shakeup. The new structure centralizes power around a Trump
1283094261823660033,Thu Aug 06 20:08:19 +0000 2020,: follow to stay tuned for more gems real stories. real people. real talk about real change.
854094861619912704,Thu Jul 30 07:03:34 +0000 2020,: **GIVEAWAY**ReTweet this to have a chance of winning one of the pictured items of clothing and a badge!40
461471234,Fri Aug 07 22:35:00 +0000 2020,", shebella hle, I'm screaming!"
1285040333814992896,Fri Aug 07 19:39:26 +0000 2020,Research shows that with consistently changing your thoughts to more positive ones you can rewire your brain. This
980992935591215104,Fri Jul 24 19:00:36 +0000 2020,"Yep,Mine arrived days ago.Dove into mine late that same evening."
1271731784200466432,Sun Aug 02 10:01:29 +0000 2020,Thats pretty good!
1267849307744604160,Sun Jul 26 00:18:13 +0000 2020,Jajjaja qu nos queda
1285198400376496128,Wed Aug 05 14:06:33 +0000 2020,Thats ironic that the events were family-friendly since they sa
763171806895181824,Fri Aug 12 13:14:16 +0000 2016,: A good reminder no matter where you are in your journey. Why is good health important to you? https
1838558533,Mon Jul 27 00:45:44 +0000 2020,: Featured Podcast Guest Laurie Dupar My ADD / ADHD Blog via
96096911,Fri Aug 07 14:59:52 +0000 2020,Success Intensive
251750354,Wed Feb 19 03:31:42 +0000 2014,: See nail a buzzer beater as beats -60 on the final shot!
67541221,Tue Jul 21 20:27:22 +0000 2020,I can't wait for the Coach Summit - The Value of Coaching. Featuring Coaches happening A
539208505,Mon Jul 27 15:46:56 +0000 2020,The yummiest snack possible
968634441882001409,Thu Jul 23 18:02:47 +0000 2020,PRODUCT REVIEW This weeks product review is up and I am so excited to share this brand with you all! I have been
1268884228009349120,Sat Aug 08 01:21:33 +0000 2020,Friday night
1275286746050097153,Sat Aug 08 02:42:48 +0000 2020,The A to Z of Freelance Translation - A practical course book for translators |
1279958729048207360,Fri Jul 31 02:35:21 +0000 2020,
1266817539641835521,Tue Jul 28 01:40:45 +0000 2020,"And quite fussy, I imagine.."
1278301265454399490,Sat Aug 08 02:15:29 +0000 2020,: And came to see this
557120745,Fri Aug 07 09:17:15 +0000 2020,": The FTs , who was in Beirut when the blast happened, asks where the Lebanese capital goes from here afte"
1273678264838455296,Fri Aug 07 22:11:54 +0000 2020,Life is Precious.
824645751905091584,Thu Aug 06 19:40:51 +0000 2020,: The lockdown has provoked a mental health crisis among the community. Many had to go back in the clo
37453039,Thu Aug 06 19:18:21 +0000 2020,Rewards for Justice Offerfor Information on in - United States Depart
30755720,Wed Jul 29 10:50:20 +0000 2020,: What thoughts are you thinking?What feelings are they causing?What actions are you taking?That is why you have the
1284891978900144130,Wed Jul 29 23:48:05 +0000 2020,: I measure the strength of a spirit by how much truth it can take. Nietzsche
1284525136536903680,Fri Jul 24 13:08:52 +0000 2020,": In the mountainous region of Meghalaya, a reverence for nature suffuses daily lifeas seen in these sturdy bridges grown from t"
1252329991192195073,Tue Jul 21 15:43:46 +0000 2020,Until you spend time to connnect with yourself you will never be able to hear yourself
1284877350757453825,Thu Jul 23 01:52:11 +0000 2020,A gentle touch can help calm the mind &amp; release unwanted tension...
3216811782,Sat Jun 27 13:58:33 +0000 2020,Congrats to the
1282881002289926146,Wed Aug 05 14:08:14 +0000 2020,
208539275,Fri Aug 07 01:42:22 +0000 2020,: how do women not die of rage aneurysms every single day?
285776803,Fri Aug 07 05:30:40 +0000 2020,Amphitheatre staproete in drakensberge?
1284855316107202560,Sat Aug 08 03:08:14 +0000 2020,": Getting back up when you stumble may seem easier for some than it does for others. The good news is, is a li"
135007648,Tue Feb 18 15:17:13 +0000 2020,"Como Presidente debe ACTUAR y dar VALOR a la vida de nias, adolescentes y mujeres."
3071758838,Fri Jul 31 15:16:28 +0000 2020,...
1100082954154459137,Fri Aug 07 02:13:36 +0000 2020,: Is the first thing you should worry about with takeout food? Probably not. But a new report from
77004092,Wed Aug 05 02:01:52 +0000 2020,": Sometimes all you can do is breathe, roll your eyes and let it go!"
1175380496236179456,Tue Aug 04 00:35:05 +0000 2020,Warm tones
1284061715529756678,Sat Aug 01 12:06:49 +0000 2020,So good!
2874517820,Thu Aug 06 16:13:39 +0000 2020,"Wild how some airlines () are practicing social distancing, no middle seats and boarding back to front &amp; othe"
1271176072827154434,Thu Jul 09 17:16:07 +0000 2020,Why dont you use your position to say something constructive instead of the constant kvetching and
1283007012520042496,Sat Jul 25 14:55:41 +0000 2020,
1284690826757574658,Sun Jul 19 22:31:52 +0000 2020,Burn fat and build muscle quickly with these exercises!
230345661,Wed Aug 05 03:03:41 +0000 2020,Look at this...
1123922003658932232,Sun Aug 02 10:01:02 +0000 2020,"Do Creative visual content and ad copy Monitoring and adjusting (Ads Management), etcHire me with full confiden"
1018682768828567552,Fri Aug 07 15:04:57 +0000 2020,can't wait to read it!!
1234970465489293316,Fri Aug 07 13:12:00 +0000 2020,Are you Getting Enough Protein? I dont think many would argue a diet high in vegetables and fruits is best f
1272993922550095873,Fri Aug 07 16:01:55 +0000 2020,"Healing is not linear, it's a journey. Be gentle with yourself, be patient, and keep going forward like the Queen"
1256459667925921792,Tue Aug 04 00:40:49 +0000 2020,"No, it doesnt take time. It takes ALIGNMENT"
140646106,Fri Aug 07 13:30:28 +0000 2020,: I respect both cuz sometimes you aint in the mood
1284571495482535936,Sat Aug 08 02:05:39 +0000 2020,": Well, there's that..."
2610154122,Thu Aug 06 19:03:34 +0000 2020,Seriously needs to end! Enough is enough.
760561344,Sat Aug 08 01:09:06 +0000 2020,: very soft about these images . ..
831067262,Sun Aug 02 19:24:54 +0000 2020,Sending prayers
1493611950,Fri Aug 07 18:02:37 +0000 2020,": Learn to trust the journey, even when you do not understand it."
749999150935187457,Sat Aug 08 03:36:39 +0000 2020,: Exit-poll skeptics have often used the shy Republican theory to explain away the frequent red shift between exit polls
853951190,Sun Mar 29 03:36:04 +0000 2020,Ay
4096144516,Wed Aug 05 23:11:48 +0000 2020,: Best African Adult Contemporary Album - Folklore by
1101918915364438016,Fri Aug 07 18:07:26 +0000 2020,This is exactly how I felt when I first tried Beyond and Impossible burgers.
841318096275140612,Thu Aug 06 23:49:29 +0000 2020,: San Diego County Declines To End Cannabis Ban: San Diego County cannabis activists have set their sights on the upcoming el
2749942965,Tue Apr 28 06:01:06 +0000 2020,: Some father/daughter quarantine activities with . Stay safe.
963215055276797953,Sat Jul 18 14:16:17 +0000 2020,: Being the only Black person in a space has never made me feel exceptional. It has only ever made me feel alone.
167253792,Mon May 25 06:49:01 +0000 2020,"Eid Mubarak ! May the noor of this month illuminate your heart, mind &amp; soul and Peace &amp; Joy be with you. This is"
69034798,Sun Jul 26 15:42:22 +0000 2020,": Les compartimos la actualizacin del ""Lineamiento para la prevencin y mitigacin de COVID-19 en la atencin del embarazo, par"
1284409493443489794,Thu Aug 06 15:38:46 +0000 2020,: mum vs mute
1620888954,Fri Aug 07 19:16:55 +0000 2020,shes beautiful And looks so comfy. I love her triangle designs
1226600310765801472,Fri Aug 07 23:33:26 +0000 2020,
2935685779,Thu Aug 06 09:47:53 +0000 2020,: Hollywood's Russell Crowe and Edinburgh musical theatre star Jeff Leyton go viral as online duet gets a million plus view
14967901,Tue Jul 28 16:54:23 +0000 2020,Gorgeous! I preordered the book and got a book plate. How do I order these?
346693609,Sat Jul 11 10:02:16 +0000 2020,How could real estate investment become accessible for small-scale investors? by
2962898657,Wed Aug 05 22:47:26 +0000 2020,I think I know who!
990361897462616069,Fri Aug 07 16:22:21 +0000 2020,
41546905,Thu Jul 30 20:16:04 +0000 2020,Mayors/Governors/Legislators: Save America's Restaurants - Sign the Petition! via
3372391933,Thu Aug 06 12:49:27 +0000 2020,Hope it all works out. Im sorry you have to go through this. Grad school is hard enough without havin
1284225696282275841,Sat Aug 08 00:45:08 +0000 2020,"If you think youre having a bad day, go ahead and watch . Promise youll feel a little better."
1281010236569026560,Fri Aug 07 15:56:43 +0000 2020,"I dont know what to eat? I just want to be fit, but Im so confused!Sound familiar?Is it really the knowledge"
1138935252171284481,Tue Jul 28 20:40:16 +0000 2020,Heal the overwhelmand replace it with focus and Faith. Heart Centered membership is open now:
958795749319495682,Wed Jul 29 08:49:53 +0000 2020,: !!
139514868,Thu Aug 06 23:24:36 +0000 2020,"::My Heart Will Go On starts playing:: lime rice will never let me down, and/or not save space for me on a big door"
1243308731938504704,Sat Jul 18 11:31:51 +0000 2020,: There is an enormous difference between the thoughts I am feeling bad and Unpleasant feelings are arising in my mind.
1131917608012439552,Sat Aug 08 01:05:46 +0000 2020,That's actually a really cute name for that really cute dog.
1280584922265247745,Fri Aug 07 09:34:03 +0000 2020,allow yourself to if you want to .
1284130979691540480,Fri Jul 17 14:49:37 +0000 2020,: What Money Can Buy: A bed but not sleep A clock but not time A book but not knowledge A posi
1199711236344016899,Fri Aug 07 13:26:14 +0000 2020,: nadie te hace hacer las cosas a fuerzas
330146690,Sat Jun 20 19:01:55 +0000 2020,: SEX
1277881835062689793,Fri Aug 07 14:30:58 +0000 2020,"Finding some natural beauty that allows you to take a break from everyday life is a perfect way to ground yourself,"
1250045413937287173,Tue Jul 21 22:17:00 +0000 2020,I'm a singing sensation! Check out my entry into AARP Superstar contest.
1162283860068982784,Fri Aug 07 19:36:34 +0000 2020,: Consumer culture appeals to most people because most people are takers. Their inner approach of looking for the next goodie
1174996655403339776,Sun Jul 19 06:43:48 +0000 2020,: There is still something surreal about Monday's photo-shoot. I think it is finally sinking in that this is how I look now. I am
1283482068907962368,Wed Jul 22 11:11:19 +0000 2020,: We had neurologist *peel* back the story on this vitamin-friendly fruit.
1272272766172102658,Fri Jul 31 14:21:06 +0000 2020,": Somebody please tell Congressman Clyburn, who doesnt have a clue, that the chart he put up indicating more CASES for"
1265646647964504065,Sat Aug 01 17:16:45 +0000 2020,: Peaceful revolution in the UK: some personal thoughts on the need for and the potential for making it happ
129579287,Tue Apr 14 07:09:48 +0000 2020,"Guga, parabns pelos boletins da pandemia. Por gentileza, poderia informar quais pases so suspeitos d"
1283987713994129409,Thu Jul 30 12:29:41 +0000 2020,": ""You are not being insensitive towards those who are suffering or struggling when you focus on the gifts of a difficult"
3892026914,Sat Feb 17 13:11:51 +0000 2018,": ""I feel very lucky to have these animals in my life""Meet India's Dr Dolittle who runs an orphanage for wild animals https:/"
4716637303,Fri May 29 19:43:15 +0000 2020,: Colin Kaepernick's charitable arm is offering to pay for the legal defense of protesters in Minneapolis after George Floyd's death
121892100,Sun Jun 28 04:29:38 +0000 2020,This changes everything
705322167781761026,Fri Aug 07 10:23:24 +0000 2020,Making fictions - like we all believe in pieces of paper as money.
1283905847119220738,Sat Aug 08 01:29:24 +0000 2020,
1266875926761156610,Fri Aug 07 00:01:19 +0000 2020,: You don't need crystals to be spiritual.You don't need Tarot cards to be spiritual.You don't need to meditate every day
1272268796154298368,Fri Aug 07 15:12:09 +0000 2020,I think bigger issue is that whenever speaks he then needs to clarify hi
1269972083209101316,Sun Aug 02 01:31:02 +0000 2020,Pretty sure most are outraged. The question is what are YOU doing about it. Every pre
1126230426484391936,Fri Aug 07 20:41:38 +0000 2020,Sanctions are a deterrent method and a special mission against human rights violators and mili
1278086382305652739,Tue Jul 21 23:01:10 +0000 2020,": Please share/RT: if you are pregnant and live in the US, if you have low back pain or pelvic pain, and if you practice pren"
1154764635318423552,Wed Jul 29 04:00:22 +0000 2020,: I hit million followers on IG in May after + yrs of postingToday I hit M only months laterIf you think the Silen
1283818343070412801,Thu Aug 06 15:49:10 +0000 2020,was my favorite thing to watch after school ... that show was the real deal.
1241940990723870720,Fri Jul 31 05:05:34 +0000 2020,I love being an Influencer at Intellifluence! Think you can do the same? via
1283815009319923715,Sun Jul 26 02:57:30 +0000 2020,So much of our overall health and well-being originates in the gut. Heal the gut heal the body.
1060338078370447362,Sat Aug 08 01:01:51 +0000 2020,: Less than a quarter of American universities plan to teach fully or mostly in person next term
958642410556416000,Thu Jul 02 14:05:27 +0000 2020,In solidarity with Stop Hate for Profit PreCardix will pause all advertising from Facebook and Instagram during the
1283593261873954817,Wed Jul 29 14:35:41 +0000 2020,The Checkup: Rachel Savaunnah
218471071,Wed Jul 22 17:29:29 +0000 2020,"Dragon's not my name, dragon's not my naiiiame !"
1897354898,Fri Aug 07 13:00:20 +0000 2020,"Many organizations still treat technology as an afterthought. If this describes your priorities, you may want to ch"
1281577527434194945,Fri Aug 07 15:04:57 +0000 2020,"changes begin with small steps, start today, take the first stepFeel the enjoyment of succes"
1189261701553807361,Wed Aug 05 10:42:19 +0000 2020,:
260317304,Fri Jul 03 13:34:51 +0000 2020,Very important. Please read. Share. Act.
1193016444901969920,Thu Aug 06 05:36:37 +0000 2020,": India doesn't need the approval of the West, which is caught in its own divisive conflicts and civil unrest. India nee"
399934960,Thu Jul 30 02:50:21 +0000 2020,: .. ..
27138526,Tue Dec 24 01:35:26 +0000 2019,All I need is points from Aaron Jones to be a back to back Fantasy Champion...
1276090779576893441,Tue Aug 04 00:29:05 +0000 2020,Need my Weekly Weather with Anne...
1216868641,Fri Aug 07 22:24:51 +0000 2020,Highly recommended!!!!
1224439396063117312,Sat Aug 08 02:37:56 +0000 2020,: Calling Dr. Robin Armstrong! His nursing experience using HCQ was exemplary. What happened here? We must know NOW!
1189588016089763840,Mon Aug 03 11:39:09 +0000 2020,
1108452491547443200,Fri Aug 07 00:37:44 +0000 2020,: So-called Bollywood celebrities and cricketers didnt tweet a single thing on Ram Temple bhumipujan when the whole country w
735903024627879937,Fri Aug 07 21:07:44 +0000 2020,: Currently and formerly incarcerated individuals have a right to vote.
1283549357577388032,Fri Jul 17 23:40:22 +0000 2020,Check out this item in my Etsy shop
741773711036977152,Wed May 09 23:44:13 +0000 2018,Clinically see &gt; teens w/ inc kyphosis &amp; c/o BP. No studie
996898830061916160,Mon Aug 03 21:16:55 +0000 2020,
21236970,Fri Aug 07 23:34:43 +0000 2020,: Thursday announce a virtual fest with Cursive &amp; So I Watch You From Afar:
357096659,Wed Jul 15 13:09:30 +0000 2020,: Theres a lot to *digest* in new marketing video. We also produced a video on methane one thats rooted in sci
1226201538185637889,Sat Aug 08 03:20:04 +0000 2020,Might as well not leave Mormonism. Not like nobody else isn't some kind of Terrorist. Lol plus with the crazy anarc
1278759141671088130,Thu Aug 06 16:48:10 +0000 2020,:
1239327090568241161,Sat Jul 25 06:15:17 +0000 2020,Be kind. She is a human being that is still valid and still completely alive and here
1258594153212121088,Thu Jul 30 15:15:37 +0000 2020,Great article
1084446558240849920,Fri Aug 07 23:45:13 +0000 2020,Innocence and arrogance entwined.
1282378810432851969,Wed Aug 05 17:15:32 +0000 2020,"Get off at Pokesdown, work smarter"
1224726496645914631,Thu Aug 06 13:13:45 +0000 2020,They was actually stood on side of the trucks/cars used..!! Lol...there was different ve
769282275259318272,Thu Jul 16 18:28:41 +0000 2020,: FEATURED by SwissCognitive today: The Brookings glossary of AI and emerging technologiesSign up for the leading weekl
866506852036751360,Mon Jul 27 17:28:56 +0000 2020,So refreshing to hear discuss in and I LOVE to see
967894586222891008,Thu Aug 06 23:41:42 +0000 2020,My fur kid didnt want me to go back to work today.
1074449740463407105,Sun Aug 02 18:51:51 +0000 2020,: How can anyone disagree with this? pandemic shows the urgency of refor
1174671882689417216,Tue Dec 10 02:48:38 +0000 2019,Rise and shine! Its Sleep Week at Hyrbal and you know what that means? Lots of cool factoids on SLEEP: why it matt
1281176674357280768,Mon Aug 03 14:58:16 +0000 2020,
1282360374445080583,Thu Jul 23 17:18:08 +0000 2020,"One of our writers has taken to the tub to de-stress during lockdown, and theyve got some tips on how to do it rig"
916100635,Sat Aug 08 02:46:37 +0000 2020,We need to stop spending any money. Anywhere. Keep it in our wallets. Bring this economy to its knees.
1282850290463412226,Sun Jul 19 17:04:40 +0000 2020,
1199516661763604480,Fri Aug 07 23:33:23 +0000 2020,I lost followers today
3849189452,Tue Jul 14 17:47:41 +0000 2020,
115206207,Wed Jul 15 14:43:35 +0000 2020,Theres something blocking you from more success and reward in your professional life or you would already have it.
1259678437586997249,Fri Aug 07 15:46:11 +0000 2020,Seriously what all our cleaning products should be screaming!! There are so many non-toxic alternatives to househol
1452781051,Thu Jul 30 19:45:03 +0000 2020,This kid going places color me impressed by his intellig
1079395844695179264,Fri Aug 07 13:04:12 +0000 2020,Sometimes parents need a boost too! Contact us today at to learn more about our parent coaching sessio
1280657977276588034,Thu Jul 16 10:11:16 +0000 2020,": Physicians! Sharing an exciting opportunity to attend the ""Women in da Vinci Surgery"" virtual forum. Faculty will discuss"
768835437301493761,Wed Jul 15 14:55:59 +0000 2020,Courage is the antidote to fear.
1036724023,Tue Jul 07 00:37:13 +0000 2020,: This is the bitter truth of the society we live in.
3859210101,Sat Aug 08 03:00:20 +0000 2020,
1283314844737953793,Wed Jul 15 09:50:43 +0000 2020,: Change starts with us as individuals. If one individual becomes more compassionate it will influence others and so we will c
1267174589458640898,Fri Aug 07 05:12:41 +0000 2020,"I wonder if who we know as Jesus, was an alien. They say he could walk on water, was divine, and powerful."
1264409830095110144,Thu Jul 02 10:25:50 +0000 2020,Bhai shoe bohat sahi hai kon se company ka hai mujh ko bhi lena hai
1283201061067448320,Wed Aug 05 03:22:24 +0000 2020,Why you need a coach.
1196231660640948224,Sat Aug 08 00:18:38 +0000 2020,Excellent opinion piece dispelling the myths about Sweden a fine example of a country not putting their citizens li
1060764379665195009,Sat Jul 18 08:13:53 +0000 2020,
1234152220641255425,Thu Aug 06 08:50:17 +0000 2020,thankyouuu yaaaaaa
1282958662965682176,Thu Aug 06 03:41:11 +0000 2020,"Eat to reduce acidity! One of the main factors for your gut or body to get out of balance is Acidity. So, ensure to"
959513856941928448,Fri Aug 07 01:47:06 +0000 2020,: Great teams arent a product of great workplaces. Great workplaces are a product of great teams.
37602857,Tue Jun 16 14:24:45 +0000 2020,People with unshakeable confidence do these things differently
205219887,Mon Jan 28 03:57:06 +0000 2013,"according to msnbc it looks like working from home is the top ranking job in america, great read. i"
1283032642137600002,Thu Jul 30 19:40:20 +0000 2020,": Why can't gyms reopen in NYS, ? Connecticut has had them open for over a month with no uptick in cases or fatal"
1273294058539155458,Sun Jul 19 00:15:57 +0000 2020,: You can only attract to you that which vibrates in harmony with you. What vibration are you sending out? Remember: Tho
1282010569428606983,Sun Aug 02 04:08:53 +0000 2020,"Beautiful night for a midnight longboard walk with Sabo Williamsville, New York"
62154146,Thu May 28 15:25:24 +0000 2020,The -2-1 Thursday newsletter by is full of wisdom and practical insights. I think you'll like it too:
1282810344302354433,Fri Aug 07 07:31:40 +0000 2020,STFU!
1245861058323058688,Wed Jul 15 05:10:11 +0000 2020,Plans
4759891043,Wed Aug 05 20:04:55 +0000 2020,"Not testing, genuine questions! Particularly the instrument question, I don't know if it's an Arp or"
1283138130531549184,Fri Jul 31 18:06:55 +0000 2020,Thank YOU!
1277355293999915008,Fri Aug 07 20:14:45 +0000 2020,: This is made up of some saxy stuff! Courtesy of Namma Cherry!
190653154,Fri Aug 07 23:43:44 +0000 2020,Now thats the way to recover from cataract surgery. Hope youre feeling better each day Julie
16426961,Fri Aug 07 18:09:26 +0000 2020,whats with the huge surge of random creepy biker-gang lookin old dudes following me on insta??? MOM can you come get me??? im scared
1281756409642663937,Sun Aug 02 03:24:38 +0000 2020,&gt;&gt;
162065268,Thu Aug 06 03:16:46 +0000 2020,NC - good gun rules (for now) but a scared dem gov...
1055685774,Fri Aug 07 21:01:29 +0000 2020,
1276201503674585089,Wed Aug 05 13:53:35 +0000 2020,"If you need a workout idea for today, I know someone who can help you with that Check out my NEW Kickboxing worko"
1280156491505377282,Fri Aug 07 16:00:51 +0000 2020,Life coaching sessions have the power to change your mindset &amp; behaviors. These profound discussions can be life-ch
3309718034,Fri Aug 07 01:48:58 +0000 2020,I hate how you don't care until I block you.
1012256894323290112,Sun Apr 19 13:08:00 +0000 2020,:
187345887,Tue Mar 10 14:53:08 +0000 2015,: Return of the Supermodels: Is the Zoolander sequel finally happening?:
918424432863006721,Wed Aug 05 01:21:04 +0000 2020,Melted my stress away with mins of .
908648893541486592,Sat Aug 08 01:57:18 +0000 2020,: CNN fact checker does not understand the difference between a law and an executive order.
1239299062635139074,Tue Aug 04 03:28:53 +0000 2020,: But so far we havent made reducing the death toll or our kids future important enough to inconvenience ourselves. And they
942140204739190785,Sat Jul 25 17:58:32 +0000 2020,: People are so terrified of dying that they are not living
1169074297911926784,Tue Aug 04 04:49:48 +0000 2020,: I am made of love and I move with love.
592030509,Thu Oct 27 08:03:24 +0000 2016,
1143810957191372800,Fri Aug 07 12:46:40 +0000 2020,Make choices that bring you joy.
1282890669703327744,Mon Aug 03 23:21:05 +0000 2020,Yogis hanging about in
313776015,Thu Aug 06 19:25:25 +0000 2020,: Bella Hadid would wear this and yall would be like
2895274357,Fri Aug 07 03:48:38 +0000 2020,": Here to make a good first impression into our hotel, say aloha to our tropicolor lobby (shown here at night) Phot"
1193688620885925889,Thu Aug 06 03:02:08 +0000 2020,": A friend sent me this fascinating article about Kate Bush. Im not a huge music person, but I still remember listening t"
1282866779501457408,Mon Jul 20 14:51:08 +0000 2020,
1282853302389166086,Sat Aug 01 00:38:12 +0000 2020,"May your choices reflect your hopes, not your fears"
209623048,Mon Oct 15 18:10:20 +0000 2018,Web MD
1262713332039069696,Mon Aug 03 15:46:43 +0000 2020,"Our emotions, ideas, thoughts &amp; opinions don't make it important and allow to overcome you"
1279892323283894272,Sat Aug 01 20:46:52 +0000 2020,: Check out Mask On ! Available for the next days via :
4252281136,Fri Aug 07 21:55:51 +0000 2020,Unless you trynna smoke and help me chill and relax... then hmu
233222179,Wed Jul 29 14:33:48 +0000 2020,Sin dieta ni ejercicio!
2766629229,Fri Aug 07 22:44:27 +0000 2020,No its not an alien or slime....its my beautiful scoby think this is going to be a fizzy batch! Never seen the
1272457218739195904,Sun Jul 26 09:25:57 +0000 2020,
2739487682,Sun Aug 17 11:31:06 +0000 2014,
1282423589975793665,Fri Aug 07 22:32:57 +0000 2020,
1282706650550460418,Tue Aug 04 16:56:32 +0000 2020,"Desde pequeas nos ensean hbitos de higiene, de alimentacin, de cortesa... pero y que pasa con los hbitos del"
1171189315155529729,Mon Aug 03 05:05:19 +0000 2020,Republican Party cutting unemployment to $200 extra a week is them basically saying poor people get back to work
92563198,Fri Aug 07 23:01:06 +0000 2020,
120628481,Fri Jul 10 22:13:31 +0000 2020,No estn saturados!l??? La gente no llega al psimo sistema mdico del pas sin insumos y medicamentos
1063881473755889664,Thu Jul 30 20:34:01 +0000 2020,": As he is laid to rest today, John Lewis reminds us the work must continue. ""In my life I have done all I can to demons"
15946513,Mon Aug 03 02:55:07 +0000 2020,. games. hub cities - teams each. Play games then week break. Repeat with another gam
2362917529,Mon Aug 03 13:37:24 +0000 2020,Exactly
913035290448502784,Sun Jul 26 21:13:33 +0000 2020,Ally's ready for a great year!!!
1270805844771442690,Fri Aug 07 16:58:53 +0000 2020,Access to higher education for people in prison is an issue of racial equity and economic justice. Demand your Sena
573165653,Thu Aug 06 22:54:52 +0000 2020,: That feeling of lighting a candle right after you clean
1281864318011740160,Wed Aug 05 07:00:42 +0000 2020,Conversely if you have an idea about doing something that isnt in your life but you arent sure if it is a good mo
1158444941560942592,Fri Aug 07 21:55:08 +0000 2020,My Personal Fitness Challenge
4893507679,Mon Aug 03 18:02:11 +0000 2020,nh xem cic c coin ny ko...
1282567120803553282,Tue Aug 04 11:34:17 +0000 2020,"Considering the current climate of uncertainty, loss, despair, and destruction at a rapid pace there has been an ad"
338653144,Thu Aug 06 21:53:17 +0000 2020,": I know, have a staycation green list, that way we know for sure where best to spend our summer hols. Oh an"
1274508139094777856,Sat Aug 08 03:38:22 +0000 2020,: Meet my Barbies - Smith &amp; Wesson!
29594513,Wed Aug 05 13:11:45 +0000 2020,And Im wondering about how conversations are happening around the negotiations of r
1199877506842513409,Sun Jul 26 16:05:24 +0000 2020,: Best FACTION hero in TFILike- chiruRetweet - balakrishna
2804131483,Fri Aug 07 17:21:13 +0000 2020,Ducey barred local governments from issuing mask mandates and called it action when he lifted the bar after cases
1281957534635642881,Fri Aug 07 22:16:14 +0000 2020,": the fact that theres no genre taylor hasnt done... rap, pop, country, country-pop, rock, pop-rock, albternative- i fea"
443883751,Thu May 28 03:37:14 +0000 2020,Thx!
1269343025815314435,Tue Jul 28 19:18:41 +0000 2020,Goals remain dreams if you dont take steps to make them reality.
1281053547329552385,Fri Aug 07 01:00:26 +0000 2020,What does your day look like as an online fitness instructor?For some reason the days just go by SO much faster!
1280004130564722689,Fri Aug 07 16:32:29 +0000 2020,: You love books; we got 'em. (Here's our Charing Cross Road window display as proof). Come see us this weekend!
330103204,Tue Apr 07 21:40:19 +0000 2020,
1681231830,Wed Aug 05 05:21:25 +0000 2020,
1164937378546499588,Fri Aug 07 22:35:05 +0000 2020,: Raise your hand if you will boycott all Kanye and Kardashian products to protest Kanyes willingness to act as a spoiler
2972246082,Wed Aug 05 13:08:17 +0000 2020,I was working at Friendly's Restaurant in college when someone put massive fish heads in all the men's
1214253686370623489,Thu Aug 06 19:16:42 +0000 2020,E C O - B U N D L E S Looking for a perfect gift to that special someone?Try our Summer
1282319276691656705,Fri Aug 07 10:58:00 +0000 2020,": Bill Hader erklrt, wie sie den Fishsticks/Fishdicks-Gag ber Kanye West in geschrieben haben.Das beste Video"
709749037235310592,Thu Jul 09 16:36:39 +0000 2020,"Ser agradecida, ejercicio, aceptar cualquier emocin y no luchar con ella, buscar momentos de estar pres"
1282360683003355137,Sun Jul 12 17:36:21 +0000 2020,
971848484126109696,Fri Mar 08 19:47:34 +0000 2019,How beautiful!!!
621184877,Fri Jul 31 01:32:55 +0000 2020,"~ GAINING CHRIST ~Often in life, we can get stuck in all we have lost or suffered ...When we allow the Hol"
1282338322170482688,Sun Jul 12 16:37:31 +0000 2020,White tea multi-effect toothpasteBenefitsIt contains strontium chloride hexahydrate to reduce pain in sensitive
1282319114355314688,Fri Aug 07 23:54:11 +0000 2020,"YOU LOOK ABSOLUTELY BEAUTIFUL TONIGHT!!! GREAT JOB WITH UR HAIR STYLE, HAIR COLOR, MAKEUP AND ATTIRE!!!"
766571378,Thu Aug 06 14:36:00 +0000 2020,"Once you learn about the enormous number of toxins, including microplastics, in sea salt you will switch to Himalayan salt."
451140231,Mon Jun 08 02:00:04 +0000 2020,Just when I thought I things couldnt get any more outrageous. ....
1279448348173492226,Sat Aug 01 23:32:47 +0000 2020,
1273281392814755842,Fri Aug 07 00:26:25 +0000 2020,"Safflower, margarine, peanut"
1673239740,Tue Aug 04 21:20:38 +0000 2020,: Saw Texas Roadhouse trending and thought something happened
567244654,Wed Aug 05 15:52:41 +0000 2020,: Coronavirus timeline
984442240960413697,Fri Aug 07 12:41:52 +0000 2020,I just sent a letter to asking her to please join me:
1039559305589084162,Wed Aug 05 13:39:53 +0000 2020,Making the Transition A defining factor in the successful transition from default-mode living to a self-led lifes
947177384620515328,Sat Jul 25 21:57:31 +0000 2020,"He was the best, a legend indeed. Rest in Peace Regis!"
